cars,title
å¥¥è¿ªA3(è¿›å£),newDode
å¥¥è¿ªS6,newDode
å¥¥è¿ªA7,newDode
å¥¥è¿ªS7,newDode
å¥¥è¿ªQ3(è¿›å£),newDode
å¥¥è¿ªQ8,newDode
å¥¥è¿ªSQ5,newDode
å¥¥è¿ªsq7,newDode
å¥¥è¿ªQ4,newDode
å¥¥è¿ªq6,newDode
Quattro,newDode
coupe,newDode
å¥¥è¿ªAllroad,newDode
1[éŸ³ä¹ç®€è°±åŸºæœ¬éŸ³çº§],newDode
6[é˜¿æ‹‰ä¼¯æ•°å­—],newDode
å¥¥è¿ªRSQ,newDode
Q8,newDode
Cygnet,newDode
DBX,newDode
Lagonda,newDode
é˜¿æ–¯é¡¿Â·é©¬ä¸Rapide,newDode
vantage,newDode
dbs[é“¶è¡Œ],newDode
Zagato,newDode
é˜¿æ–¯é¡¿Â·é©¬ä¸One-77,newDode
vulcan,newDode
å¥¥è¿ªQ5,newDode
eV,newDode
é˜¿æ–¯é¡¿Â·é©¬ä¸Rapide,newDode
156[156],newDode
4c[ç”µè¯è¥é”€æµç¨‹],newDode
vantage,newDode
é˜¿æ–¯é¡¿é©¬ä¸CC100,newDode
m6[æ¯”äºšè¿ªM6],newDode
M5[å‰M5æˆ˜é˜Ÿ],newDode
Gloria,newDode
ACS[è‡ªåŠ¨é…ç½®æœåŠ¡å™¨],newDode
ACS[è‡ªåŠ¨é…ç½®æœåŠ¡å™¨],newDode
ACS[è‡ªåŠ¨é…ç½®æœåŠ¡å™¨],newDode
ACS[è‡ªåŠ¨é…ç½®æœåŠ¡å™¨],newDode
ACS[è‡ªåŠ¨é…ç½®æœåŠ¡å™¨],newDode
x3,newDode
ACS[è‡ªåŠ¨é…ç½®æœåŠ¡å™¨],newDode
ACS[è‡ªåŠ¨é…ç½®æœåŠ¡å™¨],newDode
ARCFOX,newDode
ECF,newDode
ACS[è‡ªåŠ¨é…ç½®æœåŠ¡å™¨],newDode
Alpina,newDode
B3,newDode
b5[å°åˆ·ä¸­çš„B5],newDode
Alpina,newDode
D5,newDode
Alpina,newDode
nathalie,newDode
Alpina,newDode
æœ¬ç”°é£åº¦[æ•…éšœç‡å•ä½],newDode
Virage,newDode
æ€é“‚ç?æœ¬ç”°ç«ç‘,newDode
æœ¬ç”°UR-V,newDode
Alpina,newDode
é£åº¦(è¿›å£),newDode
æ€åŸŸ(æµ·å¤–),newDode
é›…é˜(æµ·å¤–),newDode
v[ä¼ç‰¹ã€ä½“ç§¯ã€è‹±è¯­åŠ¨è¯çš„ç¼©å†™],newDode
eV,newDode
æœ¬ç”°Brio,newDode
æœ¬ç”°CR-V(æµ·å¤–),newDode
æŠ¤ç…§[ä¸–åšä¼šå…¼å…·åç‰‡åŠŸèƒ½çš„è¯ä»¶],newDode
å¥¥å¾·èµ?æµ·å¤–),newDode
æœ¬ç”°FCV,newDode
step[äº§å“æ¨¡å‹æ•°æ®äº¤äº’è§„èŒƒ],newDode
æœ¬ç”°NSX,newDode
eV,newDode
sports,newDode
æœ¬ç”°CR-Z,newDode
å¥”é©°GLC,newDode
å¥”é©°GLA,newDode
å¥”é©°bçº?å¥”é©°CLAçº?å¥”é©°F,newDode
å¥”é©°F125,newDode
å¥”é©°GLS,newDode
EQ[æƒ…å•†],newDode
g-code,newDode
suv[è¿åŠ¨å‹å¤šç”¨é€”æ±½è½¦],newDode
å¨éœ†(è¿›å£),newDode
æ–¯å®¾ç‰?å”¯é›…è¯?è¿›å£),newDode
å¥”é©°CLK,newDode
å¥”é©°F800,newDode
å¥”é©°citan,newDode
truck,newDode
å¥”é©°Vçº?å¨éœ†,newDode
å‡Œç‰¹,newDode
è¿ˆå·´èµ«Sçº?AMG,newDode
AMG,newDode
6[é˜¿æ‹‰ä¼¯æ•°å­—],newDode
å®é©¬2ç³?å®é©¬1ç³?è¿›å£),newDode
å®é©¬6ç³?å®é©¬6ç³»gt,newDode
next,newDode
dynamics,newDode
å®é©¬i5,newDode
å®é©¬X3(è¿›å£),newDode
compact,newDode
å®é©¬X5,newDode
3,newDode
CSL,newDode
EfficientDynamics,newDode
å®é©¬M2,newDode
ConnectedDrive,newDode
å®é©¬X5,newDode
6[é˜¿æ‹‰ä¼¯æ•°å­—],newDode
å®é©¬M8,newDode
å¨æœ—,newDode
é˜…æœ—,newDode
è£å¾¡,newDode
åˆ«å…‹gl6,newDode
å›è¶Š(æµ·å¤–),newDode
å›å¨(æµ·å¤–),newDode
åˆ«å…‹Cascada,newDode
æ¯”äºšè¿ªG5,newDode
æ¯”äºšè¿ªE5,newDode
æ¯”äºšè¿ªG3,newDode
é€Ÿé”,newDode
å®‹Max,newDode
æ¯”äºšè¿ªS6,newDode
æ¯”äºšè¿ªM6,newDode
æ¯”äºšè¿ªS8,newDode
å®éª310w,newDode
å®éª610,newDode
å®éª530,newDode
å®éª360,newDode
å®éª730,newDode
æ ‡è‡´308,newDode
æ ‡è‡´308s,newDode
ä¸œé£æ ‡è‡´301,newDode
æ ‡è‡´206,newDode
æ ‡è‡´4008,newDode
æ ‡è‡´5008,newDode
æ ‡è‡´508,newDode
æ ‡è‡´206(è¿›å£),newDode
æ ‡è‡´207(è¿›å£),newDode
æ ‡è‡´308(è¿›å£),newDode
æ ‡è‡´2008,newDode
æ ‡è‡´301(æµ·å¤–),newDode
æ ‡è‡´608,newDode
by,newDode
PEUGEOT,newDode
urban[éŸ³ä¹é£æ ¼],newDode
æ ‡è‡´HX1,newDode
æ ‡è‡´RCZ,newDode
instinct[2012å¹´ä¸“è¾‘],newDode
Hybrid,newDode
æ ‡è‡´Onyx,newDode
ä¿æ—¶æ·panamera,newDode
ä¿æ—¶æ?18,newDode
æ ‡è‡´107,newDode
BOXSTER,newDode
ä¿æ—¶æ?18,newDode
ä¿æ—¶æ·Carrera,newDode
å¥”è…¾B30,newDode
å¥”è…¾B90,newDode
å¥”è…¾X40,newDode
æ——èˆ°,newDode
å¥”è…¾B60,newDode
å¥”è…¾B50,newDode
å¥”è…¾X80,newDode
åŒ—äº¬BJ20,newDode
åŒ—äº¬æ±½è½¦Eç³»åˆ—,newDode
æ…•å°š,newDode
é£é©°,newDode
é›…è‡´,newDode
exp,newDode
SPEED[1994å¹´ç®€Â·å¾·Â·é‚¦ç‰¹æ‰§å¯¼ç¾å›½ç”µå½±],newDode
6E,newDode
exp,newDode
10[ä¹é˜Ÿåç§°],newDode
SPEED[1994å¹´ç®€Â·å¾·Â·é‚¦ç‰¹æ‰§å¯¼ç¾å›½ç”µå½±],newDode
æ·»è¶Š,newDode
cc[çŸ¥è¯†å…±äº«],newDode
6[é˜¿æ‹‰ä¼¯æ•°å­—],newDode
åŒ—æ±½å¹»é€Ÿs2,newDode
åŒ—æ±½å¹»é€Ÿs5,newDode
åŒ—æ±½å¹»é€Ÿs3L,newDode
åŒ—æ±½å¹»é€ŸS6,newDode
åŒ—æ±½å¹»é€ŸH2,newDode
åŒ—æ±½å¹»é€ŸS7,newDode
åŒ—æ±½å¹»é€Ÿh3,newDode
åŒ—æ±½å¹»é€ŸH5,newDode
åŒ—æ±½å¹»é€ŸH6,newDode
EUç³»åˆ—,newDode
eV,newDode
EVç³»åˆ—,newDode
åŒ—æ±½å¹»é€ŸS3,newDode
åŒ—äº¬BW007,newDode
æˆ˜æ——[2012å¹´ç‹é›·ä¸»æ¼”ç”µè§†å‰§],newDode
é”é“ƒ,newDode
é™†éœ¸,newDode
å¸ƒåŠ è¿ªGalibier,newDode
å®æ²ƒbx5,newDode
æ³°å‹’Â·æ–¯å¨å¤«ç‰¹[ç¾å›½å¥³æ­Œæ‰‹],newDode
å®æ²ƒBXi7,newDode
è¶Šé“ƒ,newDode
å¨èˆª[å¸ƒåŠ è¿ªå…¬å¸],newDode
å·´åšæ–¯[å¾·å›½æ±½è½¦å“ç‰Œ],newDode
Cçº?smart[ç›®æ ‡ç®¡ç†åŸåˆ™],newDode
å·´åšæ–¯[å¾·å›½æ±½è½¦å“ç‰Œ],newDode
å·´åšæ–¯[å¾·å›½æ±½è½¦å“ç‰Œ],newDode
è¿ˆå·´èµ«Sçº?açº?å·´åšæ–¯[å¾·å›½æ±½è½¦å“ç‰Œ],newDode
å·´åšæ–¯[å¾·å›½æ±½è½¦å“ç‰Œ],newDode
å·´åšæ–¯[å¾·å›½æ±½è½¦å“ç‰Œ],newDode
å·´åšæ–¯[å¾·å›½æ±½è½¦å“ç‰Œ],newDode
Gçº?å·´åšæ–¯[å¾·å›½æ±½è½¦å“ç‰Œ],newDode
å·´åšæ–¯[å¾·å›½æ±½è½¦å“ç‰Œ],newDode
å·´åšæ–¯[å¾·å›½æ±½è½¦å“ç‰Œ],newDode
å·´åšæ–¯[å¾·å›½æ±½è½¦å“ç‰Œ],newDode
å·´åšæ–¯[å¾·å›½æ±½è½¦å“ç‰Œ],newDode
å·´åšæ–¯[å¾·å›½æ±½è½¦å“ç‰Œ],newDode
å·´åšæ–¯[å¾·å›½æ±½è½¦å“ç‰Œ],newDode
å·´åšæ–¯[å¾·å›½æ±½è½¦å“ç‰Œ],newDode
smart[ç›®æ ‡ç®¡ç†åŸåˆ™],newDode
åŒ—æ±½å¨æ—º007,newDode
åŒ—æ±½å¨æ—º205,newDode
åŒ—æ±½å¨æ—º306,newDode
åŒ—æ±½å¨æ—ºM20,newDode
åŒ—æ±½å¨æ—ºM30,newDode
å·´åšæ–¯[å¾·å›½æ±½è½¦å“ç‰Œ],newDode
æ¯”é€ŸT5,newDode
æ¯”é€Ÿt3,newDode
æ¯”é€ŸM3,newDode
æ‚¦ç¿”,newDode
é•¿å®‰RAETON,newDode
ç¿éª‹cc,newDode
é€¸åŠ¨XT,newDode
å¥”å¥”[ç»æµå‹å°è½¿è½¦å“ç‰Œ],newDode
é•¿å®‰å¥”å¥”MINI,newDode
å¥”å¥”Love,newDode
é•¿å®‰CX20,newDode
å¥”å¥”i,newDode
æœºç”²å‹‡å£«,newDode
plus[ä¸€ä¸ªç”µå­ç™½æ¿å“ç‰Œï¼šæ™®ä¹å£«],newDode
é•¿å®‰Cs55,newDode
coupe,newDode
é•¿å®‰CS95,newDode
plus[ä¸€ä¸ªç”µå­ç™½æ¿å“ç‰Œï¼šæ™®ä¹å£«],newDode
å‡Œè½©,newDode
æ°å‹‹,newDode
é•¿å®‰CS85,newDode
é•¿å®‰æ¬§å°šA800,newDode
é•¿åŸå‡Œå‚²,newDode
ç‚«ä¸½,newDode
é•¿å®‰æ¬§è¯º,newDode
é…·ç†Š,newDode
é•¿åŸC20R,newDode
é•¿åŸC70,newDode
èµ›å½±,newDode
å˜‰èª‰,newDode
é•¿åŸC50,newDode
é£éª5,newDode
é£éª6,newDode
é‡‘è¿ªå°?èµ›é“ƒ,newDode
é•¿åŸM1,newDode
ç¿è¡ŒS50,newDode
ç¿è¡Œ,newDode
é•¿å®‰ä¹‹æ˜Ÿ2,newDode
é•¿å®‰ä¹‹æ˜Ÿ7,newDode
é•¿å®‰æ˜Ÿå…‰4500,newDode
é•¿å®‰ä¹‹æ˜Ÿ3,newDode
é•¿å®‰æ˜Ÿå…‰,newDode
æ˜Œæ²³q25,newDode
æ˜Œæ²³M50,newDode
æ˜Œæ²³Q35,newDode
è·¨è¶Šç?æˆåŠŸK1,newDode
æˆåŠŸK2,newDode
æˆåŠŸV1,newDode
æˆåŠŸV2,newDode
æˆåŠŸX1,newDode
æ˜Œæ²³M70,newDode
æœ—å¢ƒ,newDode
è¾‰æ˜‚,newDode
Crossæ¡‘å¡”çº?é«˜å°”[èŒä¸šç»ç†äºº],newDode
å¤§ä¼—æ¡‘å¡”çº?é€”è§‚l,newDode
é€”å®‰l,newDode
smv,newDode
suv[è¿åŠ¨å‹å¤šç”¨é€”æ±½è½¦],newDode
å¤§ä¼—up!,newDode
é«˜å°”å¤?è¿›å£),newDode
Variant,newDode
å¤§ä¼—r36,newDode
é«˜å°”(æµ·å¤–),newDode
å¤§ä¼—arteon,newDode
å¤§ä¼—XL1,newDode
Buggy,newDode
coupe,newDode
coupe,newDode
coupe,newDode
å¤§ä¼—TEX,newDode
å¤§ä¼—NCC,newDode
å¤§ä¼—Atlas,newDode
coupe,newDode
å‡¯è·¯å¨?å¤§ä¼—routan,newDode
é€”å®‰(æµ·å¤–),newDode
å¼€è¿?æµ·å¤–),newDode
æœ—é€?å¤§ä¼—Bulli,newDode
å¤§ä¼—bluesport,newDode
å¤§ä¼—Amarok,newDode
å°šé…·,newDode
ä¸œé£é£è¡Œæ™¯é€¸S50,newDode
æ™¯é€?XXL,newDode
æ™¯é€¸suv,newDode
å¯è¾°R30,newDode
v[ä¼ç‰¹ã€ä½“ç§¯ã€è‹±è¯­åŠ¨è¯çš„ç¼©å†™],newDode
å¯è¾°VOW,newDode
ä¸œé£a9,newDode
ä¸œé£é£ç¥A30,newDode
ä¸œé£é£ç¥L60,newDode
å¯è¾°T90,newDode
ä¸œé£é£ç¥ax4,newDode
ä¸œé£é£ç¥S30,newDode
ä¸œé£é£ç¥AX5,newDode
ä¸œé£é£ç¥H30,newDode
ä¸œé£é£å…‰580,newDode
ä¸œé£é£å…‰S560,newDode
ä¸œé£é£ç¥ax7,newDode
é£å…‰360,newDode
é£å…‰330,newDode
cross[æ•°å­¦æœ¯è¯­],newDode
v5[ç½‘ç»œæµè¡Œè¯],newDode
v[ä¼ç‰¹ã€ä½“ç§¯ã€è‹±è¯­åŠ¨è¯çš„ç¼©å†™],newDode
plus[ä¸€ä¸ªç”µå­ç™½æ¿å“ç‰Œï¼šæ™®ä¹å£«],newDode
è±å¸…,newDode
ä¸œå—v7,newDode
ä¸œå—dx3,newDode
ä¸œå—V4,newDode
ä¸œå—dx5,newDode
å¯Œåˆ©å?ä¸‰è±è±ç»…,newDode
å¾—åˆ©å?6[é˜¿æ‹‰ä¼¯æ•°å­—],newDode
Wild[è‹±æ–‡å•è¯],newDode
ä¸œé£å°åº·C31,newDode
ä¸œé£å°åº·C36,newDode
ä¸œé£å°åº·C37,newDode
ä¸œé£å°åº·C32,newDode
ä¸œé£å°åº·K07S,newDode
ä¸œé£å°åº·k01,newDode
ä¸œé£å°åº·C35,newDode
ä¸œé£å°åº·V07s,newDode
ä¸œé£å°åº·V22,newDode
ä¸œé£å°åº·K07,newDode
ä¸œé£å°åº·v29,newDode
é“å¥‡Charger,newDode
ä¸œé£å°åº·V26,newDode
ä¸œé£å°åº·K17,newDode
å‡¯é¢†,newDode
charger[ä¸€ä¸ªèƒ½ä»¤ä¸€äº›æ€€æ—§è½¦è¿·å¿ƒè·³åŠ é€Ÿçš„è½¦å],newDode
srt[æ–‡æœ¬æ ¼å¼å­—å¹•],newDode
srt[æ–‡æœ¬æ ¼å¼å­—å¹•],newDode
çŒ›å£«,newDode
å¾¡é£[æ±‰è¯­è¯è¯­],newDode
ä¿Šé£CV03,newDode
å¸…å®¢,newDode
ä¿Šé£[è¯è¯­],newDode
å¤§ä¹˜G60,newDode
ä¸œé£é£åº¦mx5,newDode
ä¸œé£é£åº¦MX6,newDode
å¤§å‘Copen,newDode
Pro[PSPçš„è‡ªåˆ¶ç³»ç»Ÿ],newDode
å¤§è¿ªéœ¸é“,newDode
éƒ½å¸‚å¨è±,newDode
duster,newDode
è‡´ç‚«,newDode
é›·å‡ŒåŒæ“,newDode
é›…åŠ›å£?ä¸°ç”°c-hr,newDode
çš‡å† [ä¸°ç”°ç”Ÿäº§æ±½è½¦å“ç‰Œ],newDode
èŠ±å† [ä¸°ç”°æ±½è½¦æ——ä¸‹äº§å“],newDode
å¨é©°FS,newDode
ä¸°ç”°IQ,newDode
ä¸°ç”°Yaris,newDode
å¡ç½—æ‹?æµ·å¤–),newDode
é”å¿—(æµ·å¤–),newDode
å‡¯ç¾ç‘?æµ·å¤–),newDode
æ™®é”æ–?æµ·å¤–),newDode
ä¸°ç”°Aygo,newDode
ä¸°ç”°FCV,newDode
ä¸°ç”°FT-HTæ‚¦ä½³,newDode
ä¸°ç”°HI-CT,newDode
fortuner,newDode
cruiser,newDode
ç‰¹é”,newDode
cruiser,newDode
æ™®ç‘ç»´äºš,newDode
ä¸°ç”°Verso,newDode
ä¸°ç”°åŸƒå°”æ³?ä¸°ç”°86,newDode
ä¸°ç”°FT-1,newDode
ä¸°ç”°FT-HS,newDode
å¦é€?sports,newDode
city[è‹±æ–‡å•è¯],newDode
ç¦ç¿æ–?è‡´èƒœ,newDode
æ–°ä¸–ä»£å…¨é¡?ç¦å…‹æ–?è¿›å£),newDode
è’™è¿ªæ¬?æµ·å¤–),newDode
é”ç•Œ(è¿›å£),newDode
ç¿¼æ(æµ·å¤–),newDode
ç¦ç‰¹EVOS,newDode
ç¦ç‰¹Vertrek,newDode
ç¦ç‰¹Flex,newDode
ç¦ç‰¹Ranger,newDode
ç¦ç‰¹F-150,newDode
ç¦ç‰¹GT,newDode
æ³•æ‹‰åˆ?88,newDode
superfast,newDode
Tributo,newDode
æ³•æ‹‰åˆ?99,newDode
sp1,newDode
æ³•æ‹‰åˆ©FF,newDode
SP2,newDode
æ³•æ‹‰åˆ©Enzo,newDode
ä¼½é€”ix7,newDode
é£æ™¯G9,newDode
å¹¿æ±½è²äºšç‰¹è²ç¿?Ottimoè‡´æ‚¦,newDode
ç¦ç”°è¨æ™®,newDode
æ³•æ‹‰åˆ©gtc4lusso,newDode
æœ‹å¤š,newDode
é¢†é›…,newDode
è²äºšç‰¹panda,newDode
è¥¿è€¶é‚£[æ„å¤§åˆ©æ±½è½¦å“ç‰Œ],newDode
è²è·ƒ,newDode
è²äºšç‰?00L,newDode
è²äºšç‰¹Sedici,newDode
åšæ‚¦,newDode
é›„å¸ˆF22,newDode
æ¢ç´¢è€?,newDode
é›„ç‹®[åŠ æ–¯Â·æˆ´ç»´æ–¯æ‰§å¯¼ç”µå½±],newDode
91,newDode
å¯è…¾M70,newDode
æ½ç¦,newDode
ä¼ ç¥ºGA6,newDode
FF[æ³•æ‹‰åˆ©è½¦å‹],newDode
ä¼ ç¥ºGA8,newDode
ii,newDode
ä¼ ç¥ºGA3Sè§†ç•Œ,newDode
ä¼ ç¥ºGS7,newDode
å¯è…¾ex80,newDode
super[äººç‰©],newDode
coupe,newDode
ä¼ ç¥ºGA3,newDode
ä¼ ç¥ºgm8,newDode
ä¼ ç¥ºGM6,newDode
eV,newDode
ä¼ ç¥ºgs8,newDode
ii,newDode
young[Tulisaäº?012å¹´å‘è¡Œçš„ä¸€é¦–æ­Œæ›²],newDode
è§‚è‡´5,newDode
suv[è¿åŠ¨å‹å¤šç”¨é€”æ±½è½¦],newDode
1[éŸ³ä¹ç®€è°±åŸºæœ¬éŸ³çº§],newDode
phev,newDode
Aion,newDode
Aion,newDode
ä¼ ç¥ºGE3,newDode
granite,newDode
terrain,newDode
ä¼ ç¥ºGA3Sè§†ç•Œ,newDode
yukon,newDode
savana,newDode
ç¥ºæ™ºphev,newDode
å¥¥è½©G3,newDode
Eç¾?å¥¥è½©GX5,newDode
æ˜Ÿæœ—,newDode
å¸…èˆ°,newDode
æ˜Ÿæ—º,newDode
æ˜Ÿæ—ºCL,newDode
è´¢è¿300,newDode
è´¢è¿100,newDode
rock[Groove Coverageæ¼”å”±æ­Œæ›²],newDode
STAR[å…¨çƒæœ€å¤§çš„æ‰“å°æœºç”Ÿäº§å•†ä¹‹ä¸€],newDode
matchless,newDode
å›½é‡‘GM3,newDode
Kangaroo,newDode
å“ˆå¼—H1,newDode
å“ˆå¼—H4,newDode
å“ˆå¼—f5,newDode
coupe,newDode
å“ˆå¼—H2S,newDode
å“ˆå¼—H9,newDode
å“ˆå¼—H7,newDode
é•¿åŸå“ˆå¼—H8,newDode
2025[è‡ªç„¶æ•°ä¹‹ä¸€],newDode
é•¿åŸå“ˆå¼—H3,newDode
å“ˆå¼—IF,newDode
çº¢æ——L7,newDode
çº¢æ——HS5,newDode
æµ·é©¬S7,newDode
æµ·é©¬æ™®åŠ›é©?ç¦ç¾æ¥f7,newDode
æ±‰è…¾X5,newDode
æ±‰è…¾X5,newDode
æ±‰è…¾X7,newDode
æ±‰è…¾X7,newDode
phev,newDode
eV,newDode
æµ·é©¬M3,newDode
æµ·é©¬M6,newDode
1,newDode
æµ·é©¬çˆ±å°š,newDode
æµ·é©¬8S,newDode
æµ·é©¬S5,newDode
æµ·é©¬s5é’æ˜¥ç‰?æµ·é©¬C2,newDode
ç¦ä»•è¾?01,newDode
æ±‰è…¾V7,newDode
æŒ‘æˆ˜è€…SUV,newDode
æ——èƒœF1,newDode
å‚²éª,newDode
å¤§æŸ´ç¥?é»„æµ·N1,newDode
æ‚é©¬h3,newDode
è·¯ç››E70,newDode
ç‘é€?è·¯ç››E80,newDode
åœ£è¾¾è?,newDode
ç¿±é¾™,newDode
ä¸­æ„V5,newDode
å“ˆé£å°éœ¸ç?è·¯å°Šå¤§éœ¸ç?å·´åšæ–¯[å¾·å›½æ±½è½¦å“ç‰Œ],newDode
æµ·æ ¼H5C,newDode
æµ·æ ¼H6C,newDode
èµ›è±¹,newDode
æµ·æ‚¦,newDode
æµ·å°š,newDode
æµ·åŸŸ,newDode
æµ·è¿…,newDode
æµ·é”‹,newDode
æµ·æ ¼H6V,newDode
é€”è…¾T2,newDode
é€”è…¾T3,newDode
é€”è…¾T1,newDode
nucleus,newDode
å¸è±ªgl,newDode
è¿œæ™¯[æ‘„å½±æœ¯è¯­],newDode
å‰åˆ©GC5,newDode
å‰åˆ©GX2,newDode
å‰åˆ©SC3,newDode
å‰åˆ©SC6,newDode
å‰åˆ©SC5-RV,newDode
ç»å…¸å¸è±ª,newDode
è‹±ä¼¦C5,newDode
é‡‘é¹°[1957å¹´ç å²šå…¶æ ¼æ ¼å¯¼æ¼”è¯å‰§ä½œå“],newDode
å‰åˆ©GE,newDode
è‡ªç”±èˆ?å‰åˆ©è¿œæ™¯X1,newDode
å‰åˆ©è¿œæ™¯suv,newDode
å‰åˆ©EX7,newDode
å‰åˆ©åšè¶Š,newDode
æ–°é‡‘åˆ?è±ªæƒ…SUV,newDode
å‰åˆ©EX8,newDode
å‰åˆ©SX5,newDode
å‰åˆ©GX7,newDode
å‰åˆ©SX7,newDode
å‰åˆ©GV5,newDode
å‰åˆ©gt,newDode
å‰åˆ©ç¾äººè±?è‡ªç”±å®?Gladiator,newDode
srt[æ–‡æœ¬æ ¼å¼å­—å¹•],newDode
æŒ‡æŒ¥å®˜[å¥¥åˆ©å¼—Â·æ–¯é€šæ‰§å¯¼çš„çºªå½•ç‰‡],newDode
æ·è±¹S-TYPE,newDode
æ·è±¹I-PACE,newDode
äº‘å›¾[æ±¤å§†Â·æå…‹å¨ã€æ²ƒå“æ–¯åŸºå§å¼Ÿæ‰§å¯¼ç”µå½±],newDode
æ·è±¹C-X75,newDode
æ·è±¹XK,newDode
æ±Ÿæ·®iEV,newDode
æ±Ÿæ·®iev6e,newDode
æ·è±¹E-PACE,newDode
å’Œæ‚¦A20,newDode
å’Œæ‚¦a13,newDode
ç‘é£A33,newDode
å’Œæ‚¦a13,newDode
å’Œæ‚¦a13,newDode
æ±Ÿæ·®å®¾æ‚¦,newDode
æ±Ÿæ·®æ„¿æ™¯,newDode
cross[æ•°å­¦æœ¯è¯­],newDode
ç‘é£S5,newDode
ç‘é£S2mini,newDode
æ±Ÿæ·®ç‘é¹°,newDode
ç‘é£m2,newDode
ç‘é£M5,newDode
ç‘é£M6,newDode
å’Œæ‚¦SC,newDode
å‡Œé“ƒ[ä¸­å›½å†…åœ°ç”·æ­Œæ‰‹ï¼Œå½“çº¢ç½‘ç»œæ­Œæ‰‹],newDode
å¸…é“ƒT6,newDode
ç‘é£M4,newDode
é‡‘æ¯éœ¸é“,newDode
å°æµ·ç‹®X30,newDode
æµ·æ˜ŸA7,newDode
æµ·æ˜ŸA9,newDode
æµ·æ˜ŸT22,newDode
é‡‘æ¯S50,newDode
é‡‘æ¯f50,newDode
æµ·æ˜ŸT20,newDode
æ™ºå°šS30,newDode
é‡‘æ¯S70,newDode
å°é‡‘ç‰?é‡‘å…¸,newDode
å®å¨,newDode
æ·é€”X90,newDode
å‡¯é”800,newDode
coupe,newDode
åŸŸè™,newDode
å®å…¸[æçè´µçš„ä¹¦ç±],newDode
å‡¯è¿,newDode
é¡ºè¾¾,newDode
å‡¯é”,newDode
å›é©¬s70,newDode
ä¹é¾™å•†åŠ¡è½?è‰¾è²[ä¸­å›½å†…åœ°å¥³æ­Œæ‰‹],newDode
ä¹é¾™A4,newDode
ä¹é¾™A5,newDode
å‡¯æ­Œ[è¯è¯­],newDode
æ±Ÿé“ƒE100,newDode
éªé“ƒT5,newDode
é‡‘å¨[çŸ³å®¶åº„æ–‡è”éŸ³ä¹å®¶åä¼šä¼šå‘˜],newDode
é‡‘æ—…æµ·ç‹®,newDode
SLSèµ›å¨,newDode
Seville,newDode
å‡¯è¿ªæ‹‰å…‹XTS(æµ·å¤–),newDode
å‡¯è¿ªæ‹‰å…‹XT6,newDode
å‡¯è¿ªæ‹‰å…‹Ciel,newDode
å‡¯é›·å¾·ESCALADE,newDode
ä¼˜ä¼˜2ä»?å‡¯è¿ªæ‹‰å…‹EXT,newDode
ä¼˜é›…2ä»?æ°è™,newDode
ä¼˜èƒœ2ä»?å¤§æ·é¾?è¿›å£),newDode
å…‹è±æ–¯å‹’200,newDode
ç§‘å°¼èµ›å…‹CCXR,newDode
é“‚é”,newDode
å‡¯ç¿¼C3R,newDode
å‡¯ç¿¼C3,newDode
å‡¯ç¿¼V3,newDode
å‡¯ç¿¼i-CX,newDode
å‡¯ç¿¼X3,newDode
å¡å¨W1,newDode
è·¯æ˜“æ–¯[è½»å°è¯´ã€Šé›¶ä¹‹ä½¿é­”ã€‹å¥³ä¸»è§’],newDode
å…‹è±æ–¯å‹’300c,newDode
å¡å¨K1,newDode
å‡¯ç¿¼x5,newDode
å¡å°”æ£®C25,newDode
SC1,newDode
X-BOW,newDode
æ–¯å®¾ç‰?é›·å…‹è¨æ–¯CT,newDode
é›·å…‹è¨æ–¯LF-SA,newDode
limitless,newDode
é›·å…‹è¨æ–¯RC,newDode
é›·å…‹è¨æ–¯RC,newDode
é›·å…‹è¨æ–¯LF-C2,newDode
é›·å…‹è¨æ–¯SC,newDode
å‘ç°3,newDode
å‘ç°ç¥è¡Œ(è¿›å£),newDode
ç¬¬å››ä»£å‘ç?æ½èƒœæ˜Ÿè„‰,newDode
å‘ç°ç¥è¡Œ,newDode
åˆ©äºšçº³A6,newDode
æ´¾å–œ,newDode
é›·å…‹è¨æ–¯HS,newDode
f[åŒ–å­¦å…ƒç´ æ°Ÿ],newDode
å¤©è¯­Â·å°šæ‚¦,newDode
é•¿å®‰é“ƒæœ¨é”‹é©­,newDode
mighty,newDode
DECK,newDode
é“ƒæœ¨iK-2,newDode
é“ƒæœ¨XBEE,newDode
CUSTOM[æ—¥æœ¬å…¬å¸],newDode
æ—è‚¯Â·å¤§é™†,newDode
Veneno,newDode
æ—è‚¯MKZ,newDode
Asterion,newDode
å¹»å½±[æ³•å›½æˆ˜æ–—æœº],newDode
å¤æ€ç‰¹,newDode
æ—è‚¯mkt,newDode
æ…§å½±,newDode
next,newDode
åŠ³æ–¯è±æ–¯100EX,newDode
é£æœ—[å¤„æ–¹è¯å’Œå¤–ç”¨è¯],newDode
æ‹‰å¤é‚?é›·è¯ºZoe,newDode
å¡ç¼¤,newDode
é›·è¯ºespace,newDode
é›·è¯ºç§‘é›·å˜?çŒè±¹CS9,newDode
çŒè±¹Q6,newDode
BEV,newDode
çŒè±¹CS6,newDode
éªè±,newDode
é£æ‰¬[è¯è¯­],newDode
é£é“ƒ,newDode
çŒè±¹CT5,newDode
é£è…¾C5,newDode
åŠ›å¸†820,newDode
åŠ›å¸†320,newDode
åŠ›å¸†530,newDode
åŠ›å¸†X50,newDode
åŠ›å¸†X80,newDode
åŠ›å¸†X40,newDode
åŠ›å¸†X70,newDode
è½©æœ—,newDode
é¹é£[å¯¼æ¼”],newDode
åŠ›å¸†330,newDode
åŠ›å¸†ä¸°é¡º,newDode
é™†é£X7,newDode
åŠ›å¸†620,newDode
é›·ä¸D50,newDode
é™†é£x8,newDode
é›·ä¸D70,newDode
åŠ›å¸†x60,newDode
è²èŠ±L3,newDode
è²èŠ±L5,newDode
è²èŠ±L6,newDode
smart[ç›®æ ‡ç®¡ç†åŸåˆ™],newDode
è²èŠ±T5,newDode
Gçº?ç«é€?Lagonda,newDode
Rally[è¿åŠ¨å“ç‰Œ],newDode
é¢†å¿—i1,newDode
æœ—ä¸–,newDode
é˜¿ç‰¹å…?é©¬è‡ªè¾¾cx-4,newDode
é©¬è‡ªè¾?(æµ·å¤–),newDode
é©¬è‡ªè¾?(æµ·å¤–),newDode
é©¬è‡ªè¾?,newDode
é©¬è‡ªè¾¾cx-7[å›½äº§æ–°ä¸€ä»£Mazda CX-7],newDode
é­?é©¬è‡ªè¾¾Shinari,newDode
é©¬è‡ªè¾¾Takeri,newDode
coupe,newDode
é©¬è‡ªè¾¾CX-7(è¿›å£),newDode
é©¬è‡ªè¾¾RX-7,newDode
é©¬è‡ªè¾¾BT-50,newDode
åçˆµ3,newDode
åçˆµ3sw,newDode
åçˆµhs,newDode
åçˆµ7ç³?mgtf,newDode
ç›èæ‹‰è’‚levante,newDode
countryman,newDode
next,newDode
countryman,newDode
coupe,newDode
beachcomber,newDode
coupe,newDode
countryman,newDode
coupe,newDode
è¿ˆå‡¯ä¼?40c,newDode
è¿ˆå‡¯ä¼?70S,newDode
æ‘©æ ¹Aero,newDode
æ‘©æ ¹Aero,newDode
6[é˜¿æ‹‰ä¼¯æ•°å­—],newDode
suv[è¿åŠ¨å‹å¤šç”¨é€”æ±½è½¦],newDode
çº³æ™ºæ·ä¼˜6,newDode
eV,newDode
suv[è¿åŠ¨å‹å¤šç”¨é€”æ±½è½¦],newDode
suv[è¿åŠ¨å‹å¤šç”¨é€”æ±½è½¦],newDode
é”?,newDode
quant,newDode
quant,newDode
f[åŒ–å­¦å…ƒç´ æ°Ÿ],newDode
quant,newDode
è®´æ­ŒRDX,newDode
è®´æ­ŒRLX,newDode
è®´æ­ŒTL,newDode
è®´æ­Œilx,newDode
è®´æ­ŒSUV-X,newDode
è‹±é€Ÿäºš,newDode
æ¬§å®CORSA,newDode
è®´æ­ŒZDX,newDode
æ¬§å®AMPERA,newDode
æ¬§å®GT,newDode
å¸•åŠ å°¼Zonda,newDode
éº¦ç‘çº?coastline,newDode
1[éŸ³ä¹ç®€è°±åŸºæœ¬éŸ³çº§],newDode
èµ·äºšK5,newDode
å‡¯ç»…,newDode
åƒé‡Œé©¬[è¯è¯­],newDode
å¸•åŠ å°¼Huayra,newDode
èµ›æ‹‰å›?èµ·äºšK3S,newDode
è¿œèˆ°,newDode
èµ·äºšK2,newDode
èµ·äºšKX3,newDode
èµ·äºšKX7,newDode
èµ·äºškx5,newDode
æ–¯æ±€æ ?èµ·äºšK5(è¿›å£),newDode
èµ·äºšK9,newDode
èµ·äºšCADENZA,newDode
èµ·äºšK900,newDode
eV,newDode
èµ·äºšæ¬§è²è±æ–¯,newDode
èµ·äºšVenga,newDode
èµ·äºšNovo,newDode
æç¿,newDode
cross[æ•°å­¦æœ¯è¯­],newDode
èµ·äºšVG,newDode
cross[æ•°å­¦æœ¯è¯­],newDode
stinger,newDode
è‰¾ç‘æ³½gx,newDode
proceed,newDode
å¥‡ç‘QQ,newDode
å¥‡ç‘E5,newDode
å¥‡ç‘qq6,newDode
æ——äº‘[ç ç©†æœ—ç›å³°è‡ªç„¶æ™¯è§‚],newDode
å¥‡ç‘æ——äº‘5,newDode
è‰¾ç‘æ³?e,newDode
è‰¾ç‘æ³?,newDode
é£äº‘[2002å¹´èµµæ–‡å“ã€ä½•æ¶¦ä¸œã€è’‹å‹¤å‹¤ä¸»æ¼”ç”µè§†å‰§],newDode
å¥‡ç‘QQme,newDode
ç‘è™3,newDode
ç‘è™3x,newDode
ä¸œæ–¹ä¹‹å­Cross,newDode
æ˜‚å…‹èµ›æ‹‰,newDode
å¥‡ç‘V5,newDode
è‰¾ç‘æ³½M7,newDode
çˆ±å¡,newDode
å¥‡ç‘TX,newDode
è‰¾ç‘æ³?e,newDode
ç‘è™3xe,newDode
å¥‡ç‘eQ,newDode
1[éŸ³ä¹ç®€è°±åŸºæœ¬éŸ³çº§],newDode
æˆ˜å‰‘,newDode
æ¥¼å…°,newDode
å¸•æ‹‰ä¸?æ—¥äº§D22,newDode
æ—¥äº§Note,newDode
sport,newDode
sway[Bic Rungaæ¼”å”±æ­Œæ›²],newDode
è“é¸ŸÂ·å°è±¡,newDode
æ—¥äº§juke,newDode
é€”ä¹,newDode
æ—¥äº§Rogue,newDode
æ¥¼å…°(æµ·å¤–),newDode
é€å®¢(æµ·å¤–),newDode
æ—¥äº§Extrem,newDode
æ—¥äº§370Z,newDode
æ—¥äº§350Z,newDode
titan[è¯å…¸è§£é‡Š],newDode
å¥‡éª,newDode
FRONTiER[è½¯ä»¶],newDode
è£å¨ei6,newDode
è£å¨Ei5,newDode
ç¢§è²[å®¢è½¦å“ç‰Œ],newDode
è£å¨e550,newDode
è£å¨e50,newDode
è£å¨e950,newDode
è£å¨Rx5,newDode
ç‘éº’G2,newDode
ç‘éº’G3,newDode
ç‘éº’G6,newDode
å¥‡ç‘ç‘éº’M5,newDode
ç‘éº’M1,newDode
è¿ˆå›¾,newDode
ç‘éº’Z5,newDode
lx[é›·å…‹è¨æ–¯æ±½è½¦å‹å·],newDode
ç‘éº’G5,newDode
æ˜é”æ—…è¡Œè½?æ–¯æŸ¯è¾¾æŸ¯çå…‹,newDode
æ˜é”(è¿›å£),newDode
q1[ä¸‰æ˜ŸQ1],newDode
æ–¯æŸ¯è¾¾Citigo,newDode
æ˜•åŠ¨,newDode
é€Ÿå°Š,newDode
æ™¶é”(æµ·å¤–),newDode
æ˜•åŠ¨(æµ·å¤–),newDode
iv[å†™çœŸå‰§æˆ–è€…å°‘å¥³å¶åƒçš„ç¼©å†™],newDode
æ–¯æŸ¯è¾¾VisionD,newDode
æ–¯æŸ¯è¾¾visions,newDode
æˆˆè“,newDode
æ˜•é”(æµ·å¤–),newDode
ä¸‰è±Colt,newDode
Yeti(è¿›å£),newDode
åŠ²ç‚«ASX,newDode
å¸•æ°ç½?å¸•æ°ç½—åŠ²ç•?ä¸‰è±lancer,newDode
small,newDode
è“ç‘Ÿ,newDode
æ¬§è“å¾?è¿›å£),newDode
ä¸‰è±å¸•æ°ç½?ä¸‰è±ä¼ŠæŸ¯ä¸½æ–¯,newDode
ä¸‰è±XR-PHEV,newDode
ä¸‰è±ä¼ŠæŸ¯ä¸½æ–¯,newDode
æ ¼è“è¿?g50,newDode
ä¸‰è±L200,newDode
T60,newDode
æ–¯å·´é²WRX,newDode
æ–¯å·´é²viziv,newDode
æ–¯å·´é²viziv,newDode
æ–¯å·´é²åŠ›ç‹?smart[ç›®æ ‡ç®¡ç†åŸåˆ™],newDode
æ–¯å·´é²é©°é¹?smart[ç›®æ ‡ç®¡ç†åŸåˆ™],newDode
smart[ç›®æ ‡ç®¡ç†åŸåˆ™],newDode
smart[ç›®æ ‡ç®¡ç†åŸåˆ™],newDode
smart[ç›®æ ‡ç®¡ç†åŸåˆ™],newDode
smart[ç›®æ ‡ç®¡ç†åŸåˆ™],newDode
smart[ç›®æ ‡ç®¡ç†åŸåˆ™],newDode
smart[ç›®æ ‡ç®¡ç†åŸåˆ™],newDode
Forvision,newDode
smart[ç›®æ ‡ç®¡ç†åŸåˆ™],newDode
smart[ç›®æ ‡ç®¡ç†åŸåˆ™],newDode
smart[ç›®æ ‡ç®¡ç†åŸåˆ™],newDode
EQ[æƒ…å•†],newDode
è’‚ç»´æ‹?smart[ç›®æ ‡ç®¡ç†åŸåˆ™],newDode
é›·æ–¯ç‰?t70,newDode
æ–¯å¨X7,newDode
èµ›éºŸæŒ‘æˆ˜è€?æ–¯å·´é²viziv,newDode
èµ›éºŸS7,newDode
èµ›éºŸé‡é©¬,newDode
StarTech,newDode
ä¸–çˆµD12,newDode
ä¸–çˆµB6,newDode
å°è´µæ—?æ¥æ—º,newDode
æ¥å®[æ±½è½¦å“ç‰Œ],newDode
SOL[æŠ€èƒ½èŒä¸šè‹±æ–‡ç¼©å†™],newDode
è¨åš9-3,newDode
SEMI,newDode
T7[æ•°ç ç›¸æœº],newDode
t1[æ™ºèƒ½æ‰‹æœº],newDode
åŒç¯SCEO,newDode
T3[æ¿€ç´ ],newDode
T9[ç¢³ç´ å·¥å…·é’¢],newDode
æ²ƒå°”æ²ƒS60L,newDode
æ²ƒå°”æ²ƒV40,newDode
æ²ƒå°”æ²ƒC30,newDode
coupe,newDode
æ²ƒå°”æ²ƒxc70,newDode
äº”è±å®å…‰S,newDode
äº”è±å®å…‰S1,newDode
æ²ƒå°”æ²ƒXC60(è¿›å£),newDode
äº”è±å®å…‰s3,newDode
äº”è±å®å…‰[ç½‘ç»œæµè¡Œè¯­],newDode
äº”è±ä¹‹å…‰,newDode
äº”è±è£å…‰S,newDode
äº”è±è£å…‰å°å¡,newDode
äº”è±å…´æ—º,newDode
äº”è±æ‰¬å…‰,newDode
p8,newDode
d-max,newDode
äº”è±é¸¿é€?ftr,newDode
äº”åé“ƒçš®å?è”šæ¥es8,newDode
D-MAX(æµ·å¤–),newDode
è”šæ¥ep9,newDode
å¨éºŸV8,newDode
å¨éºŸX5,newDode
å¨å…¹æ›¼GT,newDode
æ²ƒå…‹æ–¯è±ªå°”Adam,newDode
é›ªä½›å…°èµ›æ¬?,newDode
ä¹é£[æ±½è½¦å“ç‰Œ],newDode
æ–¯å¸•å¯SPARK,newDode
åˆ›ç•Œ,newDode
é›ªä½›å…°IMPALA,newDode
è¿ˆé”å®?æµ·å¤–),newDode
é›ªä½›å…°Cobalt,newDode
é›ªä½›å…°Suburban,newDode
é›ªä½›å…°TRAX,newDode
ç§‘é²å…?æµ·å¤–),newDode
é›ªä½›å…°tahoe,newDode
é›ªä½›å…°Blazer,newDode
å¥¥å…°å¤šOrlando,newDode
chaparral,newDode
city[è‹±æ–‡å•è¯],newDode
ç´¢ç½—å¾?å…‹æ´›å¾·Â·å¼—æ–¯è¾¾æ–?åå›¾,newDode
é¢†åŠ¨[äº’è”ç½‘åœ¨çº¿æœåŠ?SaaS)çš„åº”ç”¨å¹³å°],newDode
å¾¡ç¿”,newDode
ä¼Šå…°ç‰?åé©­,newDode
ç°ä»£ç‘å¥•,newDode
åŒ—äº¬ç°ä»£ix25,newDode
å›çˆµ,newDode
Veloster,newDode
ç‘çº³,newDode
ç´¢çº³å¡?è¿›å£),newDode
ç°ä»£é›…ç»…ç‰?ä¼Šå…°ç‰?æµ·å¤–),newDode
ç°ä»£i20,newDode
ç°ä»£i30(æµ·å¤–),newDode
ç°ä»£ix20,newDode
æ‚¦çº³,newDode
ç°ä»£ç»´æ‹‰å…‹æ–¯,newDode
venue,newDode
g70,newDode
fuel[ç¾å›½æ‘‡æ»šä¹é˜Ÿ],newDode
H-1è¾‰ç¿¼,newDode
ç¾ä½³,newDode
ç°ä»£Intrado,newDode
é›…ç§‘ä»?c4ä¸–å˜‰,newDode
é›ªé“é¾™C6,newDode
å…¨æ–°çˆ±ä¸½èˆ?é›ªé“é¾™C4L,newDode
å¤©é€?äº‘é€?é›ªé“é¾™C3-XR,newDode
çˆ±ä¸½èˆ?æµ·å¤–),newDode
C5[æ³•å›½é›ªé“é¾™å…¬å¸æ±½è½¦å“ç‰Œä¹‹ä¸€],newDode
é›ªé“é¾™C3,newDode
é›ªé“é¾™C5,newDode
è¨æ‹‰æ¯•åŠ ç´?é›ªé“é¾™LACOSTE,newDode
é›ªé“é¾™C-CROSSER,newDode
cactus,newDode
é›ªé“é¾™C5,newDode
picasso,newDode
é›ªé“é¾™C3,newDode
é›ªé“é¾™GT,newDode
é›ªé“é¾™Technospace,newDode
é›ªé“é¾™Survolt,newDode
é›ªé“é¾™Tubik,newDode
ä¼Šæ¯”é£’Ibiza,newDode
è¥¿é›…ç‰¹Mii,newDode
è¥¿é›…ç‰?0V20,newDode
æ¬§æ‚¦æ?1[éŸ³ä¹ç®€è°±åŸºæœ¬éŸ³çº§],newDode
è‹±è²å°¼è¿ªQ50L,newDode
è‹±è²å°¼è¿ªM,newDode
è‹±è²å°¼è¿ªQ70,newDode
è‹±è²å°¼è¿ªQX50(è¿›å£),newDode
è‹±è²å°¼è¿ªQ50,newDode
è‹±è²å°¼è¿ªQX80,newDode
è‹±è²å°¼è¿ªex,newDode
è‹±è²å°¼è¿ªqx60,newDode
sport,newDode
è‹±è²å°¼è¿ªQ60,newDode
è‹±è²å°¼è¿ªQ60S,newDode
10[ä¹é˜Ÿåç§°],newDode
è‹±è²å°¼è¿ªEtherea,newDode
å¤åˆ©N7,newDode
éªæ´¾a50,newDode
å¨ä¹,newDode
å¨å¿—,newDode
æ£®é›…R8,newDode
æ£®é›…M80,newDode
ä½³å®T50,newDode
ä½³å®T51,newDode
ä½³å®V52,newDode
ä½³å®V75,newDode
ä½³å®V77,newDode
ä½³å®T80,newDode
è§£æ”¾T80,newDode
ä½³å®T57,newDode
ä½³å®V70,newDode
è‡ªç”±é£?å¤ç¨‹,newDode
é‡é©¬t80,newDode
äº‘åº¦Ï€1,newDode
è‹±è‡´737,newDode
å¾¡æ·330,newDode
æ°¸æºäº”æ˜Ÿ,newDode
äº?00,newDode
ä¼—æ³°E200,newDode
ä¼—æ³°Z700,newDode
ä¼—æ³°Z100,newDode
ä¼—æ³°Z560,newDode
ä¼—æ³°SR7,newDode
ä¼—æ³°SR9,newDode
ä¼—æ³°t500,newDode
ä¼—æ³°z500,newDode
ä¼—æ³°T700,newDode
coupe,newDode
ä¼—æ³°t800,newDode
ä¼—æ³°M300,newDode
ä¼—æ³°v10,newDode
ä¸­åH320,newDode
ä¸­åH330,newDode
ä¸­åC3,newDode
éªæ·cross,newDode
ä¸­åV3,newDode
ä¸­åv6,newDode
ä¸­åV5,newDode
ä¸­åh530,newDode
é…·å®[é…·å®æ±½è½¦],newDode
å¨è™G3,newDode
é¢†ä¸»[é¢†ä¸»åè¯],newDode
ä¼—æ³°å¤§è¿ˆx5,newDode
çŸ¥è±†,newDode
ä¸­å…´C3,newDode
æ­£é“H600,newDode
æ­£é“k750,newDode
ä¹‹è¯º1E,newDode
æ——èˆ°,newDode
è¥¿ç›,newDode
